{"cameraMode":{"drawMode":0,"name":"Shaded","section":"Shading Mode"},"sceneLighting":false,"audioPlay":false,"sceneViewState":{"showFog":true,"showMaterialUpdate":false,"showSkybox":true,"showFlares":true,"showImageEffects":true,"showParticleSystems":true},"in2DMode":false,"pivot":{"x":0.5960664749145508,"y":3.9943578243255617,"z":3.5925326347351076},"rotation":{"x":-0.10351121425628662,"y":0.8962549567222595,"z":-0.29383963346481326,"w":-0.3157268464565277},"size":12.8680419921875,"orthographic":false}