{"cameraMode":{"drawMode":0,"name":"Shaded","section":"Shading Mode"},"sceneLighting":false,"audioPlay":false,"sceneViewState":{"showFog":true,"showMaterialUpdate":false,"showSkybox":true,"showFlares":true,"showImageEffects":true,"showParticleSystems":true},"in2DMode":false,"pivot":{"x":-11.913576126098633,"y":-12.735492706298829,"z":-3.9600753784179689},"rotation":{"x":-0.37558478116989138,"y":0.2889806628227234,"z":-0.12450841069221497,"w":-0.8717453479766846},"size":55.94404220581055,"orthographic":false}