{"cameraMode":{"drawMode":0,"name":"Shaded","section":"Shading Mode"},"sceneLighting":false,"audioPlay":false,"sceneViewState":{"showFog":true,"showMaterialUpdate":false,"showSkybox":true,"showFlares":true,"showImageEffects":true,"showParticleSystems":true},"in2DMode":false,"pivot":{"x":-10.505739212036133,"y":5.1722564697265629,"z":5.3741960525512699},"rotation":{"x":-0.026415929198265077,"y":0.9326551556587219,"z":-0.3529820144176483,"w":-0.06979790329933167},"size":12.8680419921875,"orthographic":false}