{"cameraMode":{"drawMode":0,"name":"Shaded","section":"Shading Mode"},"sceneLighting":false,"audioPlay":false,"sceneViewState":{"showFog":true,"showMaterialUpdate":false,"showSkybox":true,"showFlares":true,"showImageEffects":true,"showParticleSystems":true},"in2DMode":false,"pivot":{"x":-19.612945556640626,"y":2.195849895477295,"z":6.626214027404785},"rotation":{"x":0.06144515052437782,"y":0.9294625520706177,"z":-0.3155724108219147,"w":0.18097320199012757},"size":15.078063011169434,"orthographic":false}